CREATE DATABASE  IF NOT EXISTS `property_managment` /*!40100 DEFAULT CHARACTER SET latin1 */;
USE `property_managment`;
-- MySQL dump 10.13  Distrib 5.6.17, for Win64 (x86_64)
--
-- Host: 192.139.33.81    Database: property_managment
-- ------------------------------------------------------
-- Server version	5.6.23

/*!40101 SET @OLD_CHARACTER_SET_CLIENT=@@CHARACTER_SET_CLIENT */;
/*!40101 SET @OLD_CHARACTER_SET_RESULTS=@@CHARACTER_SET_RESULTS */;
/*!40101 SET @OLD_COLLATION_CONNECTION=@@COLLATION_CONNECTION */;
/*!40101 SET NAMES utf8 */;
/*!40103 SET @OLD_TIME_ZONE=@@TIME_ZONE */;
/*!40103 SET TIME_ZONE='+00:00' */;
/*!40014 SET @OLD_UNIQUE_CHECKS=@@UNIQUE_CHECKS, UNIQUE_CHECKS=0 */;
/*!40014 SET @OLD_FOREIGN_KEY_CHECKS=@@FOREIGN_KEY_CHECKS, FOREIGN_KEY_CHECKS=0 */;
/*!40101 SET @OLD_SQL_MODE=@@SQL_MODE, SQL_MODE='NO_AUTO_VALUE_ON_ZERO' */;
/*!40111 SET @OLD_SQL_NOTES=@@SQL_NOTES, SQL_NOTES=0 */;

--
-- Table structure for table `accounts`
--

DROP TABLE IF EXISTS `accounts`;
/*!40101 SET @saved_cs_client     = @@character_set_client */;
/*!40101 SET character_set_client = utf8 */;
CREATE TABLE `accounts` (
  `account_id` int(10) unsigned NOT NULL,
  `user_name` varchar(128) NOT NULL,
  `password` varchar(255) NOT NULL,
  `userlvl` tinyint(1) unsigned NOT NULL DEFAULT '0',
  PRIMARY KEY (`account_id`),
  UNIQUE KEY `user_name_UNIQUE` (`user_name`)
) ENGINE=InnoDB DEFAULT CHARSET=latin1 MIN_ROWS=1 MAX_ROWS=4294967200 PACK_KEYS=1 CHECKSUM=1;
/*!40101 SET character_set_client = @saved_cs_client */;

--
-- Dumping data for table `accounts`
--

LOCK TABLES `accounts` WRITE;
/*!40000 ALTER TABLE `accounts` DISABLE KEYS */;
INSERT INTO `accounts` VALUES (546,'user','$2y$10$HJRTMSnKxbyhUPblvOS8dOGzoZmdIT3GZEhgmXXA0Togd1VGjU9lS',0),(84615,'admin','$2y$10$HJRTMSnKxbyhUPblvOS8dOGzoZmdIT3GZEhgmXXA0Togd1VGjU9lS',1);
/*!40000 ALTER TABLE `accounts` ENABLE KEYS */;
UNLOCK TABLES;

--
-- Table structure for table `building`
--

DROP TABLE IF EXISTS `building`;
/*!40101 SET @saved_cs_client     = @@character_set_client */;
/*!40101 SET character_set_client = utf8 */;
CREATE TABLE `building` (
  `building_id` int(10) unsigned NOT NULL AUTO_INCREMENT,
  `name` varchar(255) NOT NULL,
  `address` varchar(255) NOT NULL,
  `city` varchar(255) NOT NULL,
  `province` varchar(255) NOT NULL,
  `building_notes` varchar(10000) NOT NULL,
  PRIMARY KEY (`building_id`)
) ENGINE=InnoDB AUTO_INCREMENT=104 DEFAULT CHARSET=latin1 MAX_ROWS=4294967200 PACK_KEYS=1 CHECKSUM=1;
/*!40101 SET character_set_client = @saved_cs_client */;

--
-- Dumping data for table `building`
--

LOCK TABLES `building` WRITE;
/*!40000 ALTER TABLE `building` DISABLE KEYS */;
INSERT INTO `building` VALUES (0,'name1','123 fake st',' Imaginationland',' Imaginationland','In Imaginationland.'),(1,'name2','456 fake st',' Imaginationland',' Imaginationland','In Imaginationland aswell.'),(2,'name3','789 fake st','Imaginationland','Imaginationland','In Imaginationland aswell.'),(4,'Maite','P.O. Box 839, 4567 Curabitur Av.','Grey County','ON','faucibus'),(5,'Hayden','1540 Sagittis. Road','Beausejour','MB','tristique pellentesque,'),(6,'Dominique','598-7248 Diam Av.','Kingston','Ontario','Aliquam vulputate ullamcorper magna. Sed eu eros. Nam consequat'),(7,'Malik','Ap #553-6947 Duis Av.','Lachine','Quebec','risus'),(8,'Elliott','Ap #150-1848 Et St.','Saskatoon','SK','Duis'),(9,'Nerea','Ap #207-3917 Ipsum Ave','Scarborough','ON','eu neque pellentesque massa'),(10,'Sybil','Ap #434-8919 Nunc Street','Caplan','QC','eget, volutpat'),(11,'Kyla','8027 Libero. St.','Vanderhoof','BC','faucibus leo, in lobortis tellus justo'),(12,'Plato','4916 Metus. Street','West Vancouver','British Columbia','venenatis lacus. Etiam bibendum fermentum metus. Aenean'),(13,'Ima','P.O. Box 244, 9695 Sed Road','Goderich','Ontario','quam, elementum at, egestas a, scelerisque sed, sapien.'),(14,'Sonya','9423 Velit St.','Whitby','ON','at auctor ullamcorper, nisl arcu'),(15,'Drake','Ap #807-4790 Et St.','Sooke','British Columbia','felis. Donec tempor, est ac'),(16,'Kiara','8266 Lobortis Av.','Orilla','ON','id magna et ipsum cursus'),(17,'Winter','360-3148 Sem St.','Langford','BC','luctus et ultrices posuere'),(18,'Damon','Ap #785-8191 Consectetuer Road','Victoria','BC','eu arcu. Morbi sit amet massa. Quisque porttitor eros'),(19,'Ulysses','Ap #803-1725 Felis Av.','White Rock','BC','risus varius'),(20,'Deanna','Ap #836-223 Vitae Avenue','Thorold','ON','facilisis. Suspendisse commodo tincidunt'),(21,'Branden','Ap #939-5673 Porta Av.','Norfolk County','ON','penatibus et magnis dis parturient montes,'),(22,'Odessa','883-3643 Augue St.','Whitehorse','Yukon','sagittis felis. Donec tempor, est'),(23,'David','P.O. Box 374, 1182 Ullamcorper St.','Trois-Rivi?res','Quebec','auctor. Mauris vel turpis.'),(24,'Talon','9544 Vitae, Av.','Tuktoyaktuk','Northwest Territories','Aliquam vulputate ullamcorper magna. Sed eu eros. Nam consequat'),(25,'Lewis','852-1645 Fusce St.','Cariboo Regional District','BC','diam luctus'),(26,'Jamal','759-5125 Et, Ave','Airdrie','Alberta','dictum magna. Ut tincidunt orci quis lectus.'),(27,'Emerald','Ap #177-3811 Mauris Av.','Valley East','ON','Proin eget odio. Aliquam vulputate ullamcorper magna.'),(28,'Lana','632-1036 Libero Avenue','Hamilton','ON','accumsan sed, facilisis'),(29,'Beatrice','Ap #678-2694 Curabitur Road','Woodstock','ON','vel arcu. Curabitur ut odio vel'),(30,'Kim','2088 Massa Road','La Baie','Quebec','justo eu arcu.'),(31,'Rebecca','Ap #886-1386 Dignissim Road','Hines Creek','AB','at risus. Nunc'),(32,'Brenna','8253 Ligula. Avenue','Jonqui?re','QC','ullamcorper'),(33,'Aiko','418-9231 Conubia St.','Wrigley','Northwest Territories','iaculis, lacus pede sagittis augue, eu tempor erat neque non'),(34,'Yen','P.O. Box 475, 8927 Orci. Avenue','Barrie','ON','metus. In nec'),(35,'Michelle','3291 Massa. St.','Ville de Maniwaki','Quebec','molestie pharetra nibh. Aliquam ornare, libero at auctor ullamcorper,'),(36,'Tamekah','P.O. Box 865, 9752 Sapien. St.','Langenburg','Saskatchewan','fringilla.'),(37,'Simone','P.O. Box 433, 9197 Lorem Avenue','Coalhurst','Alberta','vulputate dui, nec tempus'),(38,'Aubrey','1266 Luctus, Avenue','Dubuisson','QC','amet risus.'),(39,'Olympia','4162 Lacinia Avenue','Saint-Prime','Quebec','eget magna. Suspendisse'),(40,'Bo','1038 Dolor Road','Tay','Ontario','risus quis diam luctus lobortis. Class aptent taciti'),(41,'Hilel','965 Euismod Avenue','Quinte West','Ontario','montes, nascetur ridiculus mus. Aenean eget magna. Suspendisse'),(42,'Karina','P.O. Box 904, 5009 Augue, St.','Coldstream','British Columbia','dolor dapibus gravida. Aliquam tincidunt, nunc ac mattis ornare, lectus'),(43,'Aubrey','Ap #976-9094 Nonummy. Avenue','Minto','ON','aliquam, enim nec tempus scelerisque, lorem ipsum sodales'),(44,'Jonah','8563 Magnis St.','Kawawachikamach','QC','risus quis diam luctus lobortis.'),(45,'Kieran','P.O. Box 800, 1719 Dolor St.','Woodstock','ON','arcu.'),(46,'Paki','181-4004 Ullamcorper Street','Jasper','Alberta','vestibulum, neque sed'),(47,'Harper','P.O. Box 562, 5499 Fringilla Rd.','Yorkton','Saskatchewan','tempus non, lacinia at, iaculis quis, pede. Praesent eu dui.'),(48,'Cullen','P.O. Box 727, 3664 Imperdiet Av.','Stratford','PE','nec, leo. Morbi neque tellus, imperdiet non, vestibulum'),(49,'Karen','P.O. Box 419, 8500 Elit, St.','Sh?diac','NB','dolor. Fusce feugiat. Lorem ipsum dolor sit'),(50,'Elijah','851-3087 Blandit Ave','Fermont','Quebec','nec tellus. Nunc lectus pede, ultrices a, auctor non, feugiat'),(51,'Amy','P.O. Box 224, 7490 Rhoncus Rd.','Vegreville','AB','netus et malesuada fames ac turpis'),(52,'Nigel','579-7601 Cras Av.','Lourdes','Manitoba','egestas'),(53,'Moses','2253 Curabitur Street','Verdun','Quebec','Curabitur sed'),(54,'Jeanette','7804 Nibh St.','Ancaster Town','Ontario','elit sed consequat auctor, nunc nulla vulputate dui, nec tempus'),(55,'Edward','P.O. Box 115, 1625 Augue. St.','Kawartha Lakes','ON','Nulla interdum. Curabitur dictum. Phasellus in felis. Nulla'),(56,'Aphrodite','Ap #960-8293 Et Avenue','Beausejour','Manitoba','sed'),(57,'Patience','320-5783 Vehicula. Avenue','Norfolk County','ON','elementum, dui quis accumsan convallis, ante'),(58,'Sawyer','Ap #602-5777 Et, Ave','Provost','AB','Donec vitae erat'),(59,'Levi','792-7311 Vitae Ave','Sunset Point','Alberta','neque. Nullam ut nisi a odio semper'),(60,'Ayanna','536-661 Sed Avenue','Kawartha Lakes','Ontario','egestas blandit. Nam'),(61,'Chaim','Ap #300-1525 Nunc Ave','Kawawachikamach','Quebec','dis parturient montes, nascetur ridiculus mus.'),(62,'Nathan','Ap #557-9527 Proin St.','Merrickville-Wolford','Ontario','magna sed dui. Fusce aliquam,'),(63,'Vernon','627-8916 Vitae Rd.','Rexton','NB','orci sem eget'),(64,'Mariam','P.O. Box 243, 5334 In Ave','LaSalle','Ontario','enim nec tempus scelerisque, lorem ipsum sodales purus,'),(65,'Dominic','Ap #664-1214 Neque. St.','Saguenay','Quebec','vitae, orci. Phasellus dapibus quam quis diam.'),(66,'George','8430 Mauris Rd.','Lloydminster','AB','Nunc ac'),(67,'John','Ap #594-4895 In Rd.','Annapolis County','NS','nunc interdum feugiat. Sed nec metus facilisis'),(68,'Bruce','P.O. Box 652, 8518 Ipsum Rd.','Kitchener','ON','vitae, orci. Phasellus dapibus quam quis diam. Pellentesque habitant'),(69,'Josiah','Ap #755-2622 Feugiat Avenue','Watson Lake','YT','Nulla eu neque pellentesque massa lobortis ultrices. Vivamus'),(70,'Leonard','P.O. Box 302, 1226 Magna Ave','Ottawa-Carleton','ON','ligula. Aenean gravida nunc sed pede. Cum sociis natoque'),(71,'Phoebe','P.O. Box 292, 1325 Nonummy. Street','Ville de Maniwaki','Quebec','Curabitur ut odio vel est tempor bibendum.'),(72,'Hope','Ap #556-1292 Nec, Ave','Watson Lake','YT','Donec'),(73,'Chiquita','457-7292 Amet St.','Valley East','ON','augue eu'),(74,'Raphael','Ap #940-2825 Amet, St.','Flin Flon','MB','nulla ante, iaculis nec, eleifend non, dapibus rutrum,'),(75,'Jael','462-1269 Urna Av.','Ottawa-Carleton','ON','sollicitudin adipiscing'),(76,'Macaulay','1699 Tempus Street','Valley East','ON','Etiam imperdiet dictum magna.'),(77,'Riley','918-9557 Fusce Road','Senneville','QC','elementum, dui quis accumsan convallis, ante lectus convallis est,'),(78,'Allen','8225 Morbi Av.','Lanark County','Ontario','felis, adipiscing fringilla,'),(79,'Daniel','P.O. Box 473, 9421 Adipiscing Ave','Greater Sudbury','ON','eleifend vitae, erat. Vivamus nisi. Mauris nulla. Integer'),(80,'Alana','P.O. Box 468, 556 Faucibus. Road','Lachine','Quebec','nisl. Maecenas'),(81,'April','477-8440 Gravida Avenue','North Bay','Ontario','Proin non massa non ante bibendum ullamcorper. Duis cursus,'),(82,'Petra','Ap #780-5283 Quisque Road','Cantley','QC','Donec feugiat metus sit amet ante. Vivamus non lorem'),(83,'Tyrone','P.O. Box 481, 5761 Augue, Ave','Flin Flon','Manitoba','arcu. Curabitur ut odio vel est tempor bibendum. Donec'),(84,'Brendan','5678 Quam St.','Chicoutimi','QC','ac mattis semper, dui lectus rutrum urna, nec'),(85,'Brooke','608-8037 Vel Ave','Labrecque','Quebec','Vivamus molestie dapibus ligula. Aliquam erat volutpat. Nulla dignissim. Maecenas'),(86,'Penelope','P.O. Box 373, 1446 Lorem, Road','Valley East','ON','natoque penatibus'),(87,'Harlan','P.O. Box 674, 9804 Vel Av.','Montebello','Quebec','a, arcu. Sed et libero. Proin'),(88,'Talon','773-3510 Vel Rd.','Coldstream','British Columbia','diam lorem, auctor quis, tristique ac, eleifend'),(89,'Desiree','Ap #829-5675 Eu Av.','Aurora','ON','amet, consectetuer adipiscing elit. Curabitur sed tortor. Integer aliquam adipiscing'),(90,'Stephanie','9271 Ligula. St.','Fredericton','New Brunswick','adipiscing lobortis risus. In'),(91,'Brennan','Ap #462-1980 Vestibulum Street','Kapuskasing','ON','rutrum magna.'),(92,'Evan','P.O. Box 741, 9154 Praesent Rd.','LaSalle','Ontario','ac'),(93,'Christen','P.O. Box 414, 7868 Ultrices Road','Rivi?re-du-Loup','Quebec','Maecenas ornare egestas ligula. Nullam feugiat placerat velit.'),(94,'Abdul','Ap #654-9701 Luctus. Rd.','Carstairs','AB','faucibus ut, nulla. Cras'),(95,'Doris','328-7976 Morbi Rd.','St. John\'s','Newfoundland and Labrador','bibendum sed, est. Nunc laoreet lectus quis'),(96,'Jameson','Ap #332-9509 Aliquam Street','Lakeshore','Ontario','montes,'),(97,'Celeste','P.O. Box 535, 701 Eu Street','Belcarra','British Columbia','mus. Donec dignissim magna a tortor. Nunc'),(98,'Ria','Ap #440-3435 A, Rd.','Flin Flon','MB','lobortis'),(99,'Cody','9552 Odio Road','Cape Breton Island','Nova Scotia','leo, in lobortis tellus justo'),(100,'Jenette','8643 Nec, Av.','Warwick','ON','Pellentesque ultricies dignissim lacus. Aliquam rutrum lorem ac risus. Morbi'),(101,'Ivan','378-9887 Fames Av.','Weyburn','Saskatchewan','turpis non'),(102,'Carissa','P.O. Box 438, 8151 Eu St.','Arviat','NU','pede,'),(103,'Clarke','Ap #488-8769 Proin Road','Markham','ON','Praesent eu dui. Cum sociis natoque penatibus et magnis');
/*!40000 ALTER TABLE `building` ENABLE KEYS */;
UNLOCK TABLES;

--
-- Table structure for table `complaints`
--

DROP TABLE IF EXISTS `complaints`;
/*!40101 SET @saved_cs_client     = @@character_set_client */;
/*!40101 SET character_set_client = utf8 */;
CREATE TABLE `complaints` (
  `complaint_id` int(10) unsigned NOT NULL AUTO_INCREMENT,
  `tenant_id` int(10) unsigned NOT NULL,
  `status` enum('Unresolved','Resolved','Pending') NOT NULL,
  `complaint` varchar(10000) NOT NULL,
  PRIMARY KEY (`complaint_id`),
  KEY `Status` (`status`)
) ENGINE=InnoDB AUTO_INCREMENT=103 DEFAULT CHARSET=latin1 MAX_ROWS=4294967200 PACK_KEYS=1 CHECKSUM=1;
/*!40101 SET character_set_client = @saved_cs_client */;

--
-- Dumping data for table `complaints`
--

LOCK TABLES `complaints` WRITE;
/*!40000 ALTER TABLE `complaints` DISABLE KEYS */;
INSERT INTO `complaints` VALUES (1,0,'Unresolved','Imaginary Complaint'),(2,1,'Resolved','Imaginary Complaint2'),(3,2,'Pending','eget, volutpat ornare, facilisis eget, ipsum. Donec sollicitudin adipiscing ligula.'),(4,3,'Resolved','viverra. Donec tempus, lorem fringilla ornare placerat, orci'),(5,4,'Unresolved','porta elit, a'),(6,5,'Resolved','vulputate, risus a ultricies'),(7,6,'Resolved','ultricies ligula. Nullam enim. Sed nulla'),(8,7,'Unresolved','vulputate,'),(9,8,'Unresolved','Vestibulum ante ipsum primis in faucibus'),(10,9,'Resolved','Nulla'),(11,10,'Unresolved','ante bibendum ullamcorper. Duis cursus, diam at'),(12,11,'Pending','mollis vitae, posuere at, velit. Cras lorem lorem,'),(13,12,'Pending','penatibus'),(14,13,'Resolved','Duis risus odio, auctor vitae, aliquet'),(15,14,'Pending','Proin non massa non ante bibendum'),(16,15,'Resolved','condimentum. Donec at arcu.'),(17,16,'Resolved','eget mollis lectus pede et risus. Quisque libero lacus,'),(18,17,'Pending','arcu. Vestibulum ut eros non enim commodo'),(19,18,'Resolved','vestibulum nec,'),(20,19,'Resolved','odio. Etiam ligula tortor, dictum eu, placerat eget, venenatis'),(21,20,'Pending','tristique senectus et netus'),(22,21,'Unresolved','fames ac turpis egestas. Fusce aliquet magna a neque.'),(23,22,'Resolved','libero et tristique'),(24,23,'Resolved','augue. Sed molestie. Sed id risus quis diam luctus lobortis.'),(25,24,'Pending','ut dolor dapibus gravida. Aliquam tincidunt, nunc ac mattis ornare,'),(26,25,'Unresolved','Quisque tincidunt pede ac urna. Ut tincidunt'),(27,26,'Resolved','cubilia Curae; Phasellus ornare.'),(28,27,'Resolved','nulla. Cras eu'),(29,28,'Unresolved','vel, mauris. Integer'),(30,29,'Resolved','sit amet, dapibus id, blandit at, nisi. Cum sociis natoque'),(31,30,'Pending','velit eu sem. Pellentesque ut ipsum ac'),(32,31,'Unresolved','feugiat placerat velit.'),(33,32,'Pending','lacinia orci, consectetuer euismod est arcu'),(34,33,'Pending','sed libero.'),(35,34,'Resolved','ac ipsum.'),(36,35,'Unresolved','adipiscing ligula. Aenean gravida'),(37,36,'Pending','gravida. Aliquam tincidunt, nunc ac mattis ornare,'),(38,37,'Pending','dolor'),(39,38,'Unresolved','Donec'),(40,39,'Resolved','Integer vitae nibh. Donec est mauris, rhoncus id,'),(41,40,'Unresolved','habitant morbi tristique senectus et netus et malesuada'),(42,41,'Unresolved','Nam interdum enim non nisi. Aenean eget metus. In nec'),(43,42,'Unresolved','orci, consectetuer euismod est arcu'),(44,43,'Unresolved','diam vel arcu. Curabitur ut odio vel'),(45,44,'Pending','purus. Maecenas libero est, congue a, aliquet vel, vulputate'),(46,45,'Resolved','penatibus et'),(47,46,'Pending','vitae, orci. Phasellus'),(48,47,'Pending','malesuada'),(49,48,'Resolved','Suspendisse'),(50,49,'Pending','vitae semper egestas, urna justo faucibus'),(51,50,'Resolved','Cras interdum. Nunc sollicitudin commodo ipsum. Suspendisse non leo.'),(52,51,'Pending','vel, convallis'),(53,52,'Resolved','nisl arcu iaculis'),(54,53,'Pending','facilisis non, bibendum sed,'),(55,54,'Pending','parturient montes, nascetur ridiculus mus.'),(56,55,'Pending','Proin ultrices. Duis volutpat'),(57,56,'Unresolved','lobortis. Class aptent'),(58,57,'Unresolved','Sed neque. Sed eget lacus. Mauris'),(59,58,'Pending','Nunc quis arcu vel quam dignissim pharetra.'),(60,59,'Resolved','Aenean massa. Integer'),(61,60,'Pending','Nulla'),(62,61,'Pending','nibh. Aliquam ornare, libero at auctor ullamcorper,'),(63,62,'Pending','amet, faucibus ut, nulla. Cras eu tellus eu augue porttitor'),(64,63,'Pending','tellus eu augue porttitor interdum. Sed auctor odio a'),(65,64,'Resolved','Pellentesque tincidunt tempus risus. Donec egestas. Duis'),(66,65,'Pending','tempus non, lacinia at, iaculis quis, pede. Praesent'),(67,66,'Unresolved','interdum ligula eu enim.'),(68,67,'Pending','fringilla mi lacinia mattis. Integer'),(69,68,'Resolved','eleifend, nunc risus varius'),(70,69,'Pending','Cras convallis'),(71,70,'Unresolved','mauris. Suspendisse aliquet molestie tellus. Aenean egestas hendrerit neque.'),(72,71,'Resolved','pede. Cras vulputate velit eu sem. Pellentesque ut'),(73,72,'Resolved','lobortis mauris. Suspendisse aliquet molestie tellus. Aenean egestas hendrerit'),(74,73,'Unresolved','feugiat tellus lorem eu metus. In lorem. Donec'),(75,74,'Pending','ornare, elit elit'),(76,75,'Unresolved','netus et malesuada fames ac turpis'),(77,76,'Unresolved','pede. Cras vulputate velit eu sem. Pellentesque ut ipsum'),(78,77,'Resolved','augue ac ipsum. Phasellus vitae'),(79,78,'Pending','dis parturient montes, nascetur ridiculus mus. Proin vel arcu eu'),(80,79,'Pending','vitae dolor. Donec fringilla. Donec feugiat metus sit amet ante.'),(81,80,'Resolved','vitae velit'),(82,81,'Pending','vitae'),(83,82,'Resolved','sed,'),(84,83,'Resolved','Etiam laoreet, libero'),(85,84,'Resolved','sit amet, consectetuer adipiscing'),(86,85,'Pending','lectus. Nullam suscipit, est ac'),(87,86,'Unresolved','eu tempor'),(88,87,'Pending','odio tristique pharetra. Quisque'),(89,88,'Resolved','diam nunc, ullamcorper eu, euismod ac, fermentum vel,'),(90,89,'Unresolved','magna tellus faucibus leo,'),(91,90,'Unresolved','dolor. Quisque tincidunt pede ac urna. Ut tincidunt'),(92,91,'Resolved','vitae risus. Duis a'),(93,92,'Resolved','elit.'),(94,93,'Pending','sed, sapien. Nunc pulvinar arcu et'),(95,94,'Unresolved','nunc risus varius'),(96,95,'Pending','adipiscing elit. Etiam laoreet, libero et tristique pellentesque,'),(97,96,'Pending','at pretium aliquet, metus urna convallis erat, eget'),(98,97,'Pending','ipsum porta elit, a feugiat'),(99,98,'Pending','lectus'),(100,99,'Pending','feugiat'),(101,100,'Unresolved','sit amet, consectetuer adipiscing elit. Aliquam auctor, velit eget laoreet'),(102,1,'Unresolved','ipsum. Phasellus vitae mauris sit amet');
/*!40000 ALTER TABLE `complaints` ENABLE KEYS */;
UNLOCK TABLES;

--
-- Table structure for table `documents`
--

DROP TABLE IF EXISTS `documents`;
/*!40101 SET @saved_cs_client     = @@character_set_client */;
/*!40101 SET character_set_client = utf8 */;
CREATE TABLE `documents` (
  `doc_id` int(11) unsigned NOT NULL AUTO_INCREMENT,
  `ref_id` int(11) unsigned DEFAULT NULL,
  `ref_location` varchar(255) DEFAULT NULL,
  `submission_time` timestamp NOT NULL DEFAULT CURRENT_TIMESTAMP ON UPDATE CURRENT_TIMESTAMP,
  `doc_name` varchar(255) NOT NULL,
  `doc_filetype` varchar(255) NOT NULL,
  `doc_size` int(10) unsigned NOT NULL,
  `doc_content` mediumblob NOT NULL,
  PRIMARY KEY (`doc_id`)
) ENGINE=InnoDB AUTO_INCREMENT=8 DEFAULT CHARSET=latin1 MAX_ROWS=4294967200 PACK_KEYS=1 CHECKSUM=1;
/*!40101 SET character_set_client = @saved_cs_client */;

--
-- Dumping data for table `documents`
--

LOCK TABLES `documents` WRITE;
/*!40000 ALTER TABLE `documents` DISABLE KEYS */;
INSERT INTO `documents` VALUES (3,NULL,NULL,'2015-02-24 15:11:57','addUnit.php','application/octet-stream',505,'<?php\r\nrequire (\'phpIncludes/phpMaster.php\');\r\n$auth = new Auth(); //Creates objects for Auth methods.\r\n$auth->adminland(); //Options: shareland, adminland, userland, loginland. This opens the session if one exists.\r\nechoDefaultHTML();\r\n\r\n//FUNCTION ZONE\r\nfunction echoDefaultHTML() {\r\n	echo \'\r\n	<!DOCTYPE html>\r\n	<html>\r\n	<head>\r\n		<title></title>\r\n	</head>\r\n	<body>\r\n		<h1></h1>\r\n		<a href=\"changePassword.php\">Change Password</a><br>\r\n		<a href=\"logout.php\">Logout</a>\r\n	</body>\r\n	</html>\r\n	\';\r\n}\r\n?>\r\n'),(4,NULL,NULL,'2015-02-24 15:12:18','Stylesheet.css','text/css',467,'/* retreived from  http://www.minimit.com/articles/solutions-tutorials/bootstrap-3-responsive-centered-columns */\r\n/* centered columns styles */\r\n.row-centered {\r\n    text-align:center;\r\n}\r\n.col-centered {\r\n    display:inline-block;\r\n    float:none;\r\n    /* reset the text-align */\r\n    text-align:left;\r\n    /* inline-block space fix */\r\n    margin-right:-4px;\r\n}\r\n.col-min {\r\n    /* custom min width */\r\n    min-width:320px;\r\n}\r\n\r\n.center {\r\n	text-align: center;\r\n}'),(6,NULL,NULL,'2015-02-24 15:11:57','addUnit.php','application/octet-stream',505,'<?php\r\nrequire (\'phpIncludes/phpMaster.php\');\r\n$auth = new Auth(); //Creates objects for Auth methods.\r\n$auth->adminland(); //Options: shareland, adminland, userland, loginland. This opens the session if one exists.\r\nechoDefaultHTML();\r\n\r\n//FUNCTION ZONE\r\nfunction echoDefaultHTML() {\r\n	echo \'\r\n	<!DOCTYPE html>\r\n	<html>\r\n	<head>\r\n		<title></title>\r\n	</head>\r\n	<body>\r\n		<h1></h1>\r\n		<a href=\"changePassword.php\">Change Password</a><br>\r\n		<a href=\"logout.php\">Logout</a>\r\n	</body>\r\n	</html>\r\n	\';\r\n}\r\n?>\r\n'),(7,NULL,NULL,'2015-02-24 15:12:18','Stylesheet.css','text/css',467,'/* retreived from  http://www.minimit.com/articles/solutions-tutorials/bootstrap-3-responsive-centered-columns */\r\n/* centered columns styles */\r\n.row-centered {\r\n    text-align:center;\r\n}\r\n.col-centered {\r\n    display:inline-block;\r\n    float:none;\r\n    /* reset the text-align */\r\n    text-align:left;\r\n    /* inline-block space fix */\r\n    margin-right:-4px;\r\n}\r\n.col-min {\r\n    /* custom min width */\r\n    min-width:320px;\r\n}\r\n\r\n.center {\r\n	text-align: center;\r\n}');
/*!40000 ALTER TABLE `documents` ENABLE KEYS */;
UNLOCK TABLES;

--
-- Table structure for table `rental`
--

DROP TABLE IF EXISTS `rental`;
/*!40101 SET @saved_cs_client     = @@character_set_client */;
/*!40101 SET character_set_client = utf8 */;
CREATE TABLE `rental` (
  `rental_id` int(10) unsigned NOT NULL AUTO_INCREMENT,
  `tenant_id` int(10) unsigned NOT NULL,
  `unit__id` int(10) unsigned NOT NULL,
  `rent_monthly_amount` float(8,2) unsigned NOT NULL,
  `rent_currently_due` float(8,2) NOT NULL,
  `rent_duedate` date NOT NULL,
  `damage_deposit_bal` float(8,2) unsigned NOT NULL,
  `status` tinyint(1) unsigned NOT NULL,
  PRIMARY KEY (`rental_id`)
) ENGINE=InnoDB AUTO_INCREMENT=103 DEFAULT CHARSET=latin1 MAX_ROWS=4294967200 PACK_KEYS=1 CHECKSUM=1;
/*!40101 SET character_set_client = @saved_cs_client */;

--
-- Dumping data for table `rental`
--

LOCK TABLES `rental` WRITE;
/*!40000 ALTER TABLE `rental` DISABLE KEYS */;
INSERT INTO `rental` VALUES (1,0,0,522.00,0.00,'2015-02-10',1000.00,1),(2,2,1,57.18,178.77,'2015-06-10',508.77,1),(3,3,2,21.12,733.86,'2014-06-29',538.71,1),(4,4,3,28.48,600.61,'2015-08-29',542.93,1),(5,5,4,53.37,20.84,'2015-06-08',517.70,0),(6,6,5,34.85,117.40,'2015-10-01',373.16,1),(7,7,6,42.16,502.65,'2014-09-10',454.15,1),(8,8,7,47.83,86.04,'2015-06-09',405.36,0),(9,9,8,39.73,390.89,'2015-08-19',316.39,0),(10,10,9,84.80,800.39,'2015-01-09',560.08,1),(11,11,10,74.77,863.47,'2015-12-05',331.10,1),(12,12,11,84.56,564.64,'2014-06-29',577.62,1),(13,13,12,29.09,728.49,'2014-12-24',574.15,1),(14,14,13,91.37,296.43,'2014-09-14',495.37,1),(15,15,14,91.65,790.45,'2015-11-26',550.77,0),(16,16,15,61.47,586.33,'2015-01-23',596.97,0),(17,17,16,23.71,93.23,'2014-07-17',458.19,1),(18,18,17,40.62,217.28,'2015-05-19',395.02,1),(19,19,18,34.11,174.71,'2014-10-31',543.96,1),(20,20,19,29.57,25.32,'2014-12-29',524.98,0),(21,21,20,37.15,799.86,'2015-11-24',445.75,0),(22,22,21,56.91,811.51,'2014-11-04',496.66,1),(23,23,22,44.72,272.28,'2014-07-24',380.01,0),(24,24,23,74.34,142.52,'2016-01-05',585.07,1),(25,25,24,43.63,865.89,'2014-03-29',526.80,1),(26,26,25,35.83,119.65,'2014-09-15',596.70,0),(27,27,26,6.04,166.40,'2015-11-11',548.87,1),(28,28,27,99.61,498.84,'2016-01-26',443.43,0),(29,29,28,51.01,672.28,'2015-11-04',423.58,0),(30,30,29,17.20,442.22,'2015-10-15',405.87,0),(31,31,30,43.09,790.43,'2016-02-19',496.54,0),(32,32,31,41.72,331.45,'2014-03-20',438.60,0),(33,33,32,59.62,190.80,'2014-12-18',539.90,0),(34,34,33,2.36,227.23,'2014-04-19',598.48,0),(35,35,34,74.92,532.47,'2016-03-02',454.14,1),(36,36,35,88.31,107.63,'2014-11-23',324.82,1),(37,37,36,3.72,580.53,'2015-03-30',594.13,1),(38,38,37,57.65,739.90,'2014-09-05',532.51,0),(39,39,38,89.24,314.70,'2015-02-09',398.56,0),(40,40,39,66.06,639.00,'2014-09-24',428.28,0),(41,41,40,11.99,284.15,'2014-08-22',474.01,0),(42,42,41,58.81,404.63,'2015-11-09',446.80,1),(43,43,42,42.79,778.31,'2015-09-15',405.47,1),(44,44,43,72.06,731.54,'2016-02-11',598.76,1),(45,45,44,81.88,655.46,'2015-07-12',459.09,0),(46,46,45,91.89,572.20,'2015-04-03',343.18,1),(47,47,46,12.61,297.71,'2014-05-07',534.58,1),(48,48,47,94.38,678.50,'2015-05-19',463.28,0),(49,49,48,58.81,20.38,'2015-07-18',539.52,1),(50,50,49,11.16,227.59,'2015-07-13',359.06,0),(51,51,50,85.70,789.58,'2015-02-15',461.82,1),(52,52,51,23.77,454.85,'2014-09-15',492.78,1),(53,53,52,49.13,621.91,'2015-11-03',544.16,0),(54,54,53,32.47,719.20,'2015-03-26',307.90,1),(55,55,54,20.58,129.53,'2014-03-18',589.23,0),(56,56,55,35.69,703.77,'2014-07-19',561.74,1),(57,57,56,10.84,788.59,'2014-07-21',454.66,0),(58,58,57,77.83,843.72,'2014-11-17',439.61,0),(59,59,58,96.70,295.72,'2015-02-16',302.65,0),(60,60,59,14.64,653.02,'2014-06-29',389.27,0),(61,61,60,87.53,703.66,'2015-09-04',544.12,0),(62,62,61,90.34,54.83,'2015-07-03',304.54,1),(63,63,62,68.44,403.44,'2016-01-14',405.61,0),(64,64,63,28.74,151.62,'2015-08-22',546.98,1),(65,65,64,16.18,660.85,'2015-08-16',505.01,1),(66,66,65,7.20,594.28,'2014-08-01',443.62,1),(67,67,66,86.39,622.31,'2015-09-30',354.28,1),(68,68,67,77.56,508.50,'2014-03-19',415.18,0),(69,69,68,76.72,540.33,'2014-05-26',428.89,0),(70,70,69,22.82,102.17,'2015-10-20',421.07,1),(71,71,70,54.60,450.20,'2015-03-12',378.02,1),(72,72,71,24.46,526.94,'2014-04-24',401.05,0),(73,73,72,31.14,123.83,'2015-06-05',329.92,0),(74,74,73,61.39,317.72,'2014-12-28',339.89,0),(75,75,74,23.65,687.53,'2015-12-30',301.69,1),(76,76,75,32.53,57.47,'2015-05-19',399.39,1),(77,77,76,91.46,544.31,'2014-05-12',553.44,0),(78,78,77,22.41,429.86,'2014-05-19',350.75,0),(79,79,78,53.83,411.58,'2015-03-29',416.75,1),(80,80,79,53.63,178.67,'2015-11-08',562.31,1),(81,81,80,97.54,135.86,'2016-01-28',323.84,1),(82,82,81,81.30,215.76,'2014-06-21',474.86,1),(83,83,82,50.19,252.00,'2015-11-01',564.24,0),(84,84,83,10.62,144.89,'2014-05-19',336.35,1),(85,85,84,37.23,742.70,'2014-03-12',377.85,0),(86,86,85,32.12,875.47,'2015-07-11',338.00,1),(87,87,86,14.31,877.61,'2014-06-05',495.88,1),(88,88,87,2.73,188.98,'2015-07-03',587.67,0),(89,89,88,71.66,185.26,'2015-04-29',362.91,1),(90,90,89,58.67,728.70,'2015-12-08',539.59,1),(91,91,90,21.27,139.21,'2015-02-19',353.60,0),(92,92,91,12.51,58.07,'2014-07-03',430.24,0),(93,93,92,39.13,317.70,'2014-12-16',379.90,0),(94,94,93,82.68,338.85,'2015-11-25',534.74,1),(95,95,94,26.70,577.07,'2014-07-26',373.65,1),(96,96,95,81.65,312.20,'2016-01-09',306.78,0),(97,97,96,25.13,624.06,'2015-03-16',448.02,0),(98,98,97,96.95,321.36,'2016-02-27',503.12,1),(99,99,98,16.62,134.85,'2014-08-18',524.39,1),(100,100,99,15.39,721.17,'2015-07-31',315.52,0),(101,101,100,58.65,613.22,'2014-09-29',558.81,0),(102,0,0,522.00,0.00,'2015-02-10',1000.00,1);
/*!40000 ALTER TABLE `rental` ENABLE KEYS */;
UNLOCK TABLES;

--
-- Table structure for table `tenant`
--

DROP TABLE IF EXISTS `tenant`;
/*!40101 SET @saved_cs_client     = @@character_set_client */;
/*!40101 SET character_set_client = utf8 */;
CREATE TABLE `tenant` (
  `tenant_id` int(11) unsigned NOT NULL AUTO_INCREMENT,
  `account_id` int(11) unsigned DEFAULT NULL,
  `application_date` timestamp NOT NULL DEFAULT CURRENT_TIMESTAMP ON UPDATE CURRENT_TIMESTAMP,
  `entry_date` date DEFAULT NULL,
  `exit_date` date DEFAULT NULL,
  `firstname` varchar(255) NOT NULL,
  `lastname` varchar(255) NOT NULL,
  `home_phone` varchar(128) DEFAULT NULL,
  `cell_phone` varchar(128) DEFAULT NULL,
  `work_phone` varchar(128) DEFAULT NULL,
  `email` varchar(255) DEFAULT NULL,
  `drivers_licence` varchar(255) DEFAULT NULL,
  `ddeposit_prepayable` tinyint(1) unsigned NOT NULL,
  `activeApplicant` tinyint(1) unsigned NOT NULL DEFAULT '0',
  `tenant_notes` varchar(10000) DEFAULT NULL,
  PRIMARY KEY (`tenant_id`),
  KEY `activeApplicant` (`activeApplicant`)
) ENGINE=InnoDB AUTO_INCREMENT=111 DEFAULT CHARSET=latin1 MAX_ROWS=4294967200 PACK_KEYS=1 CHECKSUM=1;
/*!40101 SET character_set_client = @saved_cs_client */;

--
-- Dumping data for table `tenant`
--

LOCK TABLES `tenant` WRITE;
/*!40000 ALTER TABLE `tenant` DISABLE KEYS */;
INSERT INTO `tenant` VALUES (0,0,'2015-03-23 16:10:06',NULL,NULL,'John','Smith','4036584562','4035875461','4035846987','nope@nope.com','44454544456',0,0,'FAKE'),(1,1,'2015-03-23 16:10:06',NULL,NULL,'John2','Smith','4036584562','4035875461','4035846987','nope@nope.com','44454544456',0,0,'FAKE'),(2,3,'2015-03-23 16:10:06','2014-06-03','2015-03-13','Zahir','Blake','864-968-2673','185-764-7128','333-181-4208','elementum@acmattis.net','30654888050',0,0,'vitae erat vel pede blandit congue. In scelerisque'),(3,4,'2015-03-23 16:10:06','2015-05-10','2016-02-10','Patrick','Riddle','318-230-6019','210-163-9965','595-815-8637','tortor@ultricies.edu','65318834972',1,0,'laoreet posuere, enim nisl elementum'),(4,5,'2015-03-23 16:10:06','2014-07-12','2014-08-04','Tiger','Hill','894-370-2308','463-917-9894','637-756-5737','Cras@nullaat.net','88992954408',1,0,'interdum enim non nisi. Aenean eget metus.'),(5,6,'2015-03-23 16:10:06','2015-04-08','2014-11-23','Drake','Gonzalez','123-293-0933','768-935-0553','145-683-9168','rhoncus.Donec@sedtortorInteger.edu','44106160476',0,0,'venenatis'),(6,7,'2015-03-23 16:10:06','2015-05-23','2015-04-03','Sloane','Roach','356-150-3439','569-507-6635','254-931-8836','Cras@etultricesposuere.org','50320013188',1,0,'sapien. Cras dolor dolor, tempus non, lacinia at, iaculis quis,'),(7,8,'2015-03-23 16:10:06','2015-02-03','2014-09-17','Lars','Patel','593-320-2549','996-405-2038','573-511-0498','eu.nulla.at@tincidunt.net','81614632806',1,0,'Suspendisse non leo.'),(8,9,'2015-03-23 16:10:06','2015-04-20','2014-07-30','Deborah','Le','523-119-4660','181-326-1190','102-618-4904','gravida.mauris.ut@ultricies.com','89488857556',1,0,'sit amet nulla. Donec non justo. Proin non massa non'),(9,10,'2015-03-23 16:10:06','2016-01-04','2014-10-18','Bertha','Obrien','254-183-2485','300-342-8534','934-550-4876','dolor.tempus.non@ametmetusAliquam.edu','72979059424',1,0,'orci, adipiscing non, luctus'),(10,11,'2015-03-23 16:10:06','2014-10-22','2014-03-30','Rooney','Mcclain','385-695-0841','818-864-0713','707-516-6645','Integer.tincidunt.aliquam@tincidunt.org','95209065456',1,0,'ultrices posuere cubilia Curae;'),(11,12,'2015-03-23 16:10:06','2014-04-08','2014-04-19','Amaya','Finley','111-135-0649','831-331-0711','155-138-7095','natoque.penatibus.et@metus.com','66944498177',1,0,'lacus. Ut nec urna et arcu imperdiet ullamcorper. Duis at'),(12,13,'2015-03-23 16:10:06','2015-02-05','2015-04-27','Aurora','Wolf','966-686-5149','998-332-3379','863-243-5367','lorem.sit@vulputatedui.com','34977410831',1,0,'nulla ante, iaculis nec, eleifend non, dapibus rutrum, justo. Praesent'),(13,14,'2015-03-23 16:10:06','2014-10-27','2015-09-10','Stacey','Alvarado','366-376-2531','977-626-3266','972-679-1757','neque.vitae@NullainterdumCurabitur.org','21756274201',0,0,'pede blandit congue. In scelerisque scelerisque dui. Suspendisse'),(14,15,'2015-03-23 16:10:06','2015-02-27','2015-02-06','Curran','Vega','627-189-8803','453-361-0604','945-312-9830','est.mauris.rhoncus@Mauris.com','73313939967',1,0,'eget, volutpat ornare,'),(15,16,'2015-03-23 16:10:06','2016-02-04','2014-06-05','Ava','White','125-964-8421','296-618-2102','648-421-5908','consectetuer.adipiscing.elit@Sed.com','36870099762',1,0,'odio. Etiam ligula tortor, dictum'),(16,17,'2015-03-23 16:10:06','2014-09-15','2014-08-28','Aretha','Underwood','292-135-8514','495-558-3938','123-279-1897','mi.lorem.vehicula@ProinmiAliquam.co.uk','25222142548',1,0,'enim commodo hendrerit. Donec porttitor tellus non magna. Nam'),(17,18,'2015-03-23 16:10:06','2014-04-17','2015-03-23','Ulric','Bond','956-114-2930','819-366-8882','556-144-5695','justo.sit@eumetus.edu','44418897917',1,0,'blandit mattis. Cras eget nisi dictum augue'),(18,19,'2015-03-23 16:10:06','2015-09-23','2014-05-03','Fleur','Rich','661-257-1810','323-822-7300','675-994-4637','Cras.interdum.Nunc@sitametluctus.ca','51528743808',1,0,'metus eu erat semper'),(19,20,'2015-03-23 16:10:06','2015-03-20','2015-11-21','Imogene','Franklin','798-463-6579','166-229-7929','505-569-5546','rutrum.justo@velconvallisin.edu','29224702478',0,0,'lacus. Aliquam rutrum lorem ac risus. Morbi'),(20,21,'2015-03-23 16:10:06','2015-09-30','2014-08-14','Vivien','Burke','116-954-7525','684-214-7206','798-975-0812','ac.orci@odio.com','45698732892',0,0,'ut odio vel'),(21,22,'2015-03-23 16:10:06','2014-12-17','2015-03-09','Hoyt','Bird','134-788-3946','896-598-5883','256-117-5170','nibh.lacinia@perconubia.co.uk','88283770759',1,0,'augue eu tellus. Phasellus elit pede, malesuada vel, venenatis'),(22,23,'2015-03-23 16:10:06','2015-10-14','2014-11-01','Colt','Whitley','770-492-0274','261-276-1838','626-248-0969','hendrerit.a@elit.com','34903430896',1,0,'ornare tortor at risus.'),(23,24,'2015-03-23 16:10:06','2015-01-18','2015-02-28','Eugenia','Jackson','459-564-5233','373-679-7860','846-997-3234','Sed.nulla.ante@condimentumeget.net','68058651089',0,0,'orci luctus et ultrices posuere cubilia Curae; Donec'),(24,25,'2015-03-23 16:10:06','2014-03-22','2015-06-30','Chanda','Clayton','696-174-7589','491-384-9214','455-281-6184','Lorem.ipsum.dolor@in.ca','46806875350',0,0,'erat volutpat. Nulla facilisis. Suspendisse commodo tincidunt nibh.'),(25,26,'2015-03-23 16:10:06','2015-10-08','2014-08-29','Dahlia','Holcomb','188-680-2749','516-419-0117','802-673-4217','urna@etmagnisdis.co.uk','63178060986',1,0,'cursus. Nunc mauris elit, dictum eu, eleifend nec, malesuada'),(26,27,'2015-03-23 16:10:06','2014-10-02','2015-12-23','Regan','Campbell','712-112-0370','409-272-6977','868-229-4610','cursus.in.hendrerit@Morbiquis.org','38289364678',1,0,'Aliquam nisl. Nulla eu neque pellentesque massa lobortis ultrices.'),(27,28,'2015-03-23 16:10:06','2015-10-11','2015-01-06','Peter','Delaney','412-244-9952','351-259-0949','891-268-8460','mi@ipsum.ca','52663848376',1,0,'Nulla aliquet. Proin'),(28,29,'2015-03-23 16:10:06','2015-12-13','2014-07-06','Rogan','Lane','895-959-4061','578-306-5495','447-588-9748','sociis.natoque@Donecfelisorci.edu','55612298403',1,0,'congue a, aliquet vel,'),(29,30,'2015-03-23 16:10:06','2015-06-27','2014-06-02','Berk','Duffy','631-795-6298','249-679-8037','234-965-1809','auctor.quis@sitametnulla.net','21972781149',0,0,'non justo. Proin non massa non ante bibendum ullamcorper.'),(30,31,'2015-03-23 16:10:06','2014-10-19','2015-02-12','Tallulah','Berger','753-796-4876','987-376-6615','858-469-0086','Curabitur@euismod.co.uk','61040106713',1,0,'imperdiet ornare. In faucibus.'),(31,32,'2015-03-23 16:10:06','2016-02-27','2015-01-09','Bree','Chandler','114-255-2937','118-711-1792','155-220-1538','Mauris.magna@ut.ca','95930397836',1,0,'malesuada ut, sem. Nulla'),(32,33,'2015-03-23 16:10:06','2014-12-15','2015-10-28','Keely','Cooke','357-954-1547','341-330-4847','872-705-9949','dictum.eu@arcuVestibulum.edu','74316427782',1,0,'Aliquam adipiscing lobortis risus. In mi pede, nonummy ut,'),(33,34,'2015-03-23 16:10:06','2015-06-30','2014-10-27','Kameko','Hunter','437-595-5541','648-553-3086','870-378-5242','sollicitudin@malesuadavelconvallis.net','92750617424',0,0,'lorem fringilla ornare placerat,'),(34,35,'2015-03-23 16:10:06','2015-11-01','2015-01-02','Gregory','Santiago','648-495-2885','242-727-9440','177-506-3864','Proin.vel@MorbivehiculaPellentesque.org','24786937958',0,0,'turpis non enim. Mauris quis turpis'),(35,36,'2015-03-23 16:10:06','2014-12-15','2015-03-29','Jeanette','Shepherd','988-433-1589','707-320-8059','329-242-4830','eu.ultrices.sit@iaculisaliquet.co.uk','90349882692',0,0,'Phasellus in felis. Nulla tempor augue ac'),(36,37,'2015-03-23 16:10:06','2015-08-23','2015-05-31','Kane','Hicks','519-373-1266','675-822-7951','669-533-6581','at.sem.molestie@cursusa.org','55775119429',1,0,'Nullam enim. Sed'),(37,38,'2015-03-23 16:10:06','2015-02-16','2015-10-04','Georgia','Mosley','707-257-9613','135-545-4714','428-904-3951','sit@Proinnonmassa.edu','37057609306',0,0,'Vivamus euismod urna.'),(38,39,'2015-03-23 16:10:06','2015-04-29','2014-11-21','Ali','Fernandez','708-671-7563','899-724-7693','863-733-6215','nonummy@Duisdignissimtempor.net','11129219844',0,0,'ligula. Aenean euismod mauris eu elit. Nulla'),(39,40,'2015-03-23 16:10:06','2015-06-30','2014-07-05','Geoffrey','Lambert','887-120-5255','441-992-4875','211-160-2070','id.libero.Donec@Maurismagna.edu','78563867360',0,0,'Nunc pulvinar arcu et pede. Nunc'),(40,41,'2015-03-23 16:10:06','2014-12-20','2015-10-10','Stephen','Mack','764-180-6403','733-489-3516','489-129-2960','Fusce@ornareelitelit.com','36300016478',1,0,'vitae dolor. Donec fringilla. Donec feugiat metus sit amet'),(41,42,'2015-03-23 16:10:06','2016-01-14','2014-12-09','Garth','Booth','673-342-1514','329-185-9859','320-206-8442','fringilla.purus@convallisestvitae.net','15077335708',1,0,'ornare. Fusce mollis. Duis sit amet diam eu'),(42,43,'2015-03-23 16:10:06','2014-07-05','2014-04-15','Tallulah','Brooks','151-707-4795','721-557-1337','962-489-5935','diam.vel@nislsem.org','68976936023',0,0,'nulla. Cras eu tellus eu augue porttitor interdum. Sed'),(43,44,'2015-03-23 16:10:06','2015-06-17','2014-08-11','Kelly','Cooke','749-218-8949','268-380-1550','321-602-5118','Ut.tincidunt@purusDuiselementum.org','74164437558',1,0,'nunc sit'),(44,45,'2015-03-23 16:10:06','2014-04-13','2015-02-02','Paula','Willis','290-764-1297','979-968-0805','945-842-2328','ante.dictum@dis.net','67327437493',0,0,'dictum'),(45,46,'2015-03-23 16:10:06','2014-10-21','2014-10-22','Tanner','Dennis','211-244-4988','710-376-8973','420-574-0284','lorem.tristique@tincidunt.org','44209278295',0,0,'non justo.'),(46,47,'2015-03-23 16:10:06','2016-02-23','2014-05-13','Hyatt','Abbott','365-604-1451','555-695-3577','411-651-7321','ac@ligula.org','66710602887',0,0,'Curae; Phasellus'),(47,48,'2015-03-23 16:10:06','2015-09-13','2014-11-29','Ursula','Juarez','924-528-7813','989-937-8379','421-566-5170','tincidunt.nunc.ac@lectusconvallis.net','11566987158',1,0,'in, cursus et, eros. Proin ultrices. Duis'),(48,49,'2015-03-23 16:10:06','2015-01-10','2014-10-11','Hilda','Noel','327-555-2669','239-286-3216','436-174-5150','non.sapien.molestie@et.ca','85975803118',1,0,'conubia nostra, per inceptos'),(49,50,'2015-03-23 16:10:06','2014-08-16','2015-02-21','Chelsea','Goff','171-512-8370','376-421-8191','265-915-1838','amet.massa.Quisque@libero.co.uk','44126321761',0,0,'tristique aliquet. Phasellus fermentum convallis ligula.'),(50,51,'2015-03-23 16:10:06','2015-02-17','2015-03-17','Steel','Battle','193-115-5681','251-235-7887','765-221-6411','Suspendisse.eleifend@malesuada.edu','58262486788',0,0,'molestie in, tempus'),(51,52,'2015-03-23 16:10:06','2015-10-13','2014-09-13','Jaden','Nolan','932-205-2203','123-760-3712','164-587-0203','egestas.urna@hendreritDonecporttitor.org','41245754421',0,0,'consectetuer adipiscing elit. Aliquam auctor, velit eget laoreet posuere,'),(52,53,'2015-03-23 16:10:06','2015-06-23','2015-06-21','Isabella','Whitley','929-843-6129','641-461-3212','187-708-0362','In.lorem.Donec@dictummiac.ca','93975570839',1,0,'aliquet lobortis, nisi nibh lacinia orci, consectetuer euismod'),(53,54,'2015-03-23 16:10:06','2014-07-17','2015-03-01','Leigh','Pittman','895-835-2625','357-710-7906','328-210-0343','bibendum@fringilla.edu','63333969623',1,0,'augue malesuada malesuada. Integer id'),(54,55,'2015-03-23 16:10:06','2015-11-05','2015-10-31','William','Wooten','118-229-9607','547-658-4567','509-445-9727','elit.pede@ultricesDuis.ca','66848251465',1,0,'dictum mi, ac mattis velit justo nec ante.'),(55,56,'2015-03-23 16:10:06','2014-10-15','2015-03-02','Danielle','Coleman','130-199-5134','141-248-7728','899-518-0375','erat@sagittisDuis.co.uk','43884498826',1,0,'montes, nascetur ridiculus mus.'),(56,57,'2015-03-23 16:10:06','2015-03-16','2015-07-31','Vivian','Ferguson','900-541-8724','699-394-2457','816-202-9686','Sed.eu@ultricesposuerecubilia.com','62328190067',1,0,'et, euismod et, commodo at, libero.'),(57,58,'2015-03-23 16:10:06','2015-05-31','2014-06-26','Knox','Murray','344-133-9572','759-501-0768','489-743-2012','Mauris@faucibusorciluctus.com','51055855816',1,0,'et, euismod et, commodo at, libero. Morbi accumsan laoreet ipsum.'),(58,59,'2015-03-23 16:10:06','2014-07-10','2016-01-21','Hermione','Whitehead','628-717-1668','132-653-6488','575-167-3312','pede@velitduisemper.org','72871499448',1,0,'dictum eleifend, nunc risus varius orci, in consequat'),(59,60,'2015-03-23 16:10:06','2015-08-18','2015-03-31','Alisa','Clay','640-481-5562','132-289-6048','602-661-0686','sagittis.Nullam@ut.ca','21783111295',0,0,'vestibulum. Mauris magna. Duis'),(60,61,'2015-03-23 16:10:06','2014-03-10','2014-06-21','Tanek','Stone','521-702-7233','726-254-2736','925-629-8430','sed@ametconsectetueradipiscing.co.uk','14175588521',1,0,'elit. Etiam laoreet,'),(61,62,'2015-03-23 16:10:06','2014-05-04','2014-10-20','Fiona','Byers','968-478-1589','915-680-9750','456-363-4695','luctus@molestieSed.ca','40839779665',0,0,'eros. Proin'),(62,63,'2015-03-23 16:10:06','2015-04-12','2015-07-24','Keane','Bennett','780-344-8909','527-872-1835','182-597-8594','convallis@et.net','16990454061',1,0,'urna et'),(63,64,'2015-03-23 16:10:06','2015-06-23','2015-11-06','Edan','Richard','171-152-9496','310-543-6732','452-298-0064','diam.Proin@Nunc.org','19771512327',0,0,'eu, odio. Phasellus at'),(64,65,'2015-03-23 16:10:06','2015-12-24','2015-01-22','Mark','Moreno','884-387-6651','736-755-9314','832-847-5459','sit@etultricesposuere.co.uk','73155470616',1,0,'urna. Nullam lobortis quam a'),(65,66,'2015-03-23 16:10:06','2015-10-23','2015-09-08','Paloma','Paul','176-890-8750','513-192-5035','191-125-1007','vel@semperetlacinia.org','48183901719',0,0,'eu tempor erat neque non quam. Pellentesque habitant'),(66,67,'2015-03-23 16:10:06','2014-04-09','2015-03-26','Ariana','Kirkland','245-435-3494','541-893-4910','210-268-5195','magna.a@quistristique.com','30174799081',1,0,'Vestibulum ante ipsum primis in faucibus orci luctus et ultrices'),(67,68,'2015-03-23 16:10:06','2014-03-16','2014-04-17','Kai','Bates','255-541-4679','287-877-8803','766-743-8955','non.massa@diam.net','28467159438',0,0,'erat. Sed nunc est, mollis non, cursus non, egestas a,'),(68,69,'2015-03-23 16:10:06','2014-04-26','2015-03-22','Anthony','Colon','539-563-8620','713-870-2718','826-869-3071','non.quam@nequesedsem.co.uk','46944200051',1,0,'ac urna. Ut tincidunt vehicula risus. Nulla eget metus'),(69,70,'2015-03-23 16:10:06','2015-07-24','2015-02-10','Faith','Walton','431-602-5062','489-771-5975','700-984-1648','hendrerit@sem.com','80389385689',1,0,'sapien. Aenean massa. Integer'),(70,71,'2015-03-23 16:10:06','2015-03-07','2015-10-06','Lee','Norman','558-296-5728','651-734-7324','913-501-0456','quis.diam@consectetueradipiscingelit.ca','66145759089',1,0,'sapien, gravida non, sollicitudin a, malesuada id,'),(71,72,'2015-03-23 16:10:06','2015-03-30','2016-02-28','Kyra','Trujillo','648-946-9878','601-166-1323','519-614-2606','erat.Etiam@velit.ca','37352480050',1,0,'metus'),(72,73,'2015-03-23 16:10:06','2015-08-28','2015-08-02','Ori','Riley','858-872-5806','280-855-9118','449-282-3893','sed@Sedcongue.org','31236157487',0,0,'lacinia'),(73,74,'2015-03-23 16:10:06','2016-03-06','2015-09-27','Jelani','May','362-675-0303','399-906-8945','141-313-6828','pretium.et.rutrum@sed.net','25678691193',0,0,'arcu.'),(74,75,'2015-03-23 16:10:06','2014-12-30','2015-09-23','Noelani','Nicholson','197-450-8350','652-146-1933','980-234-7918','vestibulum.Mauris.magna@elitpede.com','92498495392',0,0,'magna tellus'),(75,76,'2015-03-23 16:10:06','2015-11-09','2015-09-25','Colorado','Tran','460-383-8457','837-565-3455','933-995-7222','nibh@erat.net','66035684584',1,0,'purus, in molestie tortor'),(76,77,'2015-03-23 16:10:06','2014-08-23','2015-10-03','Jada','Joseph','103-775-6182','630-269-8398','679-793-1571','consectetuer@justonec.org','49159884741',0,0,'fermentum arcu. Vestibulum ante ipsum primis'),(77,78,'2015-03-23 16:10:06','2015-12-24','2015-02-12','Sheila','Powers','584-617-4642','314-140-9713','583-516-4213','cursus@vulputate.co.uk','15090218358',1,0,'convallis est, vitae'),(78,79,'2015-03-23 16:10:06','2014-11-30','2015-09-24','Sade','Vang','129-999-6937','531-923-2685','724-530-3374','sit.amet.massa@arcuCurabitur.com','27425796859',0,0,'dis parturient montes, nascetur ridiculus mus. Donec dignissim'),(79,80,'2015-03-23 16:10:06','2015-10-19','2016-01-15','Demetrius','Wright','506-583-8650','885-340-0848','367-211-6504','vitae.dolor.Donec@Nunc.co.uk','45038071996',0,0,'nulla. Donec non'),(80,81,'2015-03-23 16:10:06','2014-04-14','2014-08-12','Hasad','Lowe','175-993-1343','612-219-9474','690-157-6663','risus.Donec.egestas@ettristique.ca','30094344546',1,0,'Suspendisse'),(81,82,'2015-03-23 16:10:06','2014-05-23','2015-07-20','Mohammad','Baxter','936-540-4281','277-182-2892','911-517-6555','ut@pede.co.uk','63628970873',1,0,'tortor. Integer aliquam'),(82,83,'2015-03-23 16:10:06','2015-02-07','2015-05-14','Ashely','Fry','258-938-1632','435-924-4514','761-841-8068','nisi.Cum.sociis@sitametnulla.com','70344012151',0,0,'vitae velit egestas lacinia. Sed congue, elit sed consequat'),(83,84,'2015-03-23 16:10:06','2014-07-23','2015-05-16','Grace','Puckett','109-881-0095','988-858-3712','664-203-8481','nisl.sem@Donec.ca','11065912209',0,0,'mattis velit justo nec ante. Maecenas mi felis, adipiscing fringilla,'),(84,85,'2015-03-23 16:10:06','2015-10-03','2015-04-09','Keiko','Taylor','335-673-7417','620-405-6775','879-437-7385','non.enim@ametdiameu.org','26861441642',1,0,'montes, nascetur ridiculus mus. Donec'),(85,86,'2015-03-23 16:10:06','2014-10-16','2015-10-29','Kim','Reed','509-321-7982','814-338-2513','839-917-1850','fames.ac.turpis@Crasvehiculaaliquet.ca','87469389825',0,0,'amet ante. Vivamus non lorem vitae odio sagittis semper.'),(86,87,'2015-03-23 16:10:06','2015-04-17','2015-05-13','Alma','Leblanc','188-180-4812','743-185-9227','983-318-5697','diam@nonenim.net','34238985111',0,0,'fames ac turpis egestas. Aliquam fringilla cursus purus. Nullam'),(87,88,'2015-03-23 16:10:06','2015-02-23','2016-02-29','Raven','Spears','494-137-4669','842-558-5384','672-541-6825','lacus.vestibulum.lorem@quisarcu.net','70151526774',0,0,'lorem, luctus ut,'),(88,89,'2015-03-23 16:10:06','2015-09-05','2015-08-10','Kellie','Mccormick','826-393-6352','161-140-5412','499-301-2339','quam@Donecfeugiat.com','94597147046',1,0,'arcu.'),(89,90,'2015-03-23 16:10:06','2015-12-28','2014-09-15','Dominique','Browning','334-498-4834','183-816-1271','694-225-1144','viverra@vitae.net','11040082536',1,0,'eu neque pellentesque massa lobortis ultrices. Vivamus rhoncus.'),(90,91,'2015-03-23 16:10:06','2014-03-09','2015-11-25','Camilla','Mejia','239-334-1832','847-656-1968','506-376-5585','arcu.Nunc@infaucibusorci.org','77835542294',0,0,'velit. Pellentesque'),(91,92,'2015-03-23 16:10:06','2014-10-12','2015-06-11','Louis','Buckley','256-812-5968','801-482-7194','431-773-5747','aliquet@molestieSedid.org','71765778101',1,0,'eros. Proin ultrices. Duis'),(92,93,'2015-03-23 16:10:06','2014-12-29','2016-02-16','Nigel','Beck','707-130-0112','730-342-1502','198-728-8445','lorem.vitae.odio@nec.org','75088985995',0,0,'Etiam laoreet, libero et tristique pellentesque, tellus sem mollis dui,'),(93,94,'2015-03-23 16:10:06','2014-09-19','2014-05-06','Nelle','Dillard','777-743-2811','159-419-9274','938-819-2894','sit@nequeMorbiquis.edu','59719856800',0,0,'ante dictum'),(94,95,'2015-03-23 16:10:06','2014-08-30','2015-04-06','Gay','Coffey','165-830-3100','318-463-9643','849-105-9004','mauris@dapibus.co.uk','81911467597',1,0,'ac, feugiat non, lobortis quis, pede. Suspendisse dui. Fusce diam'),(95,96,'2015-03-23 16:10:06','2014-12-31','2015-12-12','Ariana','Petty','136-114-8825','534-791-0926','762-823-4797','Aliquam.adipiscing@Aliquam.com','35112946080',1,0,'Duis gravida. Praesent eu nulla at sem molestie'),(96,97,'2015-03-23 16:10:06','2014-10-12','2016-01-02','Casey','Hobbs','815-253-4092','998-696-3536','677-394-1750','laoreet.libero@euenimEtiam.net','98788750576',1,0,'Quisque purus sapien, gravida non, sollicitudin a, malesuada id,'),(97,98,'2015-03-23 16:10:06','2016-01-25','2015-03-20','Mikayla','Franks','746-293-0919','165-425-0607','138-294-8043','mauris.erat.eget@orciquislectus.org','15503883427',1,0,'sit amet risus. Donec egestas.'),(98,99,'2015-03-23 16:10:06','2014-08-02','2014-06-27','Gavin','Mcfadden','309-147-2689','882-639-4071','347-165-2864','feugiat@uterosnon.co.uk','45696472837',0,0,'adipiscing, enim mi tempor'),(99,100,'2015-03-23 16:10:06','2015-08-15','2015-02-11','Juliet','Dennis','793-764-2855','123-934-3096','107-984-0156','Cras.convallis@tinciduntpede.co.uk','85737788793',0,0,'ultrices sit amet, risus. Donec nibh'),(100,101,'2015-03-23 16:10:06','2014-07-05','2015-04-04','Burton','Walls','362-316-7349','655-321-0451','101-660-2010','posuere.vulputate.lacus@nibh.ca','96153371003',0,0,'porttitor scelerisque neque. Nullam nisl. Maecenas malesuada'),(101,0,'2015-03-23 16:10:06',NULL,NULL,'John','Smith','4036584562','4035875461','4035846987','nope@nope.com','44454544456',0,0,'FAKE'),(102,2,'2015-03-23 16:10:06','2014-09-19','2014-08-10','Sasha','Hardy','483-191-7745','120-657-1807','972-991-6401','Quisque.ac@odioAliquam.net','49651937074',1,0,'dui. Cum sociis natoque penatibus et magnis');
/*!40000 ALTER TABLE `tenant` ENABLE KEYS */;
UNLOCK TABLES;

--
-- Table structure for table `unit`
--

DROP TABLE IF EXISTS `unit`;
/*!40101 SET @saved_cs_client     = @@character_set_client */;
/*!40101 SET character_set_client = utf8 */;
CREATE TABLE `unit` (
  `unit_id` int(10) unsigned NOT NULL AUTO_INCREMENT,
  `building_id` int(10) unsigned NOT NULL,
  `unit_number` varchar(255) NOT NULL,
  `unit_notes` varchar(10000) NOT NULL,
  PRIMARY KEY (`unit_id`)
) ENGINE=InnoDB AUTO_INCREMENT=102 DEFAULT CHARSET=latin1 MAX_ROWS=4294967200 PACK_KEYS=1 CHECKSUM=1;
/*!40101 SET character_set_client = @saved_cs_client */;

--
-- Dumping data for table `unit`
--

LOCK TABLES `unit` WRITE;
/*!40000 ALTER TABLE `unit` DISABLE KEYS */;
INSERT INTO `unit` VALUES (1,0,'546','FAKE'),(2,1,'158','Maecenas mi felis, adipiscing fringilla, porttitor vulputate, posuere vulputate,'),(3,2,'885','aliquet diam. Sed diam'),(4,3,'294','Aenean massa. Integer vitae nibh. Donec'),(5,4,'353','Aliquam tincidunt, nunc'),(6,5,'518','dolor sit amet, consectetuer adipiscing elit. Curabitur sed tortor. Integer'),(7,6,'128','Proin vel'),(8,7,'239','Integer aliquam'),(9,8,'215','ac facilisis facilisis, magna tellus faucibus leo, in lobortis tellus'),(10,9,'886','consectetuer adipiscing elit. Etiam laoreet, libero et tristique pellentesque, tellus'),(11,10,'930','ipsum sodales purus, in molestie tortor nibh sit amet'),(12,11,'317','laoreet lectus'),(13,12,'693','luctus felis purus'),(14,13,'891','sapien, gravida non, sollicitudin a, malesuada id, erat. Etiam vestibulum'),(15,14,'649','Donec at'),(16,15,'590','congue'),(17,16,'603','nunc. Quisque'),(18,17,'459','vitae risus. Duis a mi fringilla mi lacinia'),(19,18,'936','gravida. Praesent eu nulla'),(20,19,'388','justo faucibus'),(21,20,'347','et, magna. Praesent'),(22,21,'340','nisi a odio semper cursus. Integer mollis. Integer'),(23,22,'384','arcu. Curabitur ut odio vel est'),(24,23,'206','et,'),(25,24,'845','morbi tristique'),(26,25,'439','auctor ullamcorper, nisl arcu'),(27,26,'781','sit'),(28,27,'725','lectus ante dictum mi, ac mattis velit justo'),(29,28,'731','sed'),(30,29,'725','sodales nisi magna sed dui. Fusce aliquam,'),(31,30,'765','scelerisque dui. Suspendisse'),(32,31,'475','sed dui. Fusce aliquam, enim nec tempus scelerisque,'),(33,32,'445','adipiscing, enim'),(34,33,'784','ultrices,'),(35,34,'602','sem, consequat nec, mollis vitae, posuere at, velit. Cras lorem'),(36,35,'204','non arcu. Vivamus sit amet risus. Donec'),(37,36,'744','viverra. Maecenas iaculis'),(38,37,'134','tincidunt congue turpis. In condimentum. Donec at'),(39,38,'830','nonummy ac, feugiat non, lobortis quis,'),(40,39,'229','felis purus'),(41,40,'202','placerat, orci lacus vestibulum'),(42,41,'442','Quisque tincidunt'),(43,42,'544','habitant morbi tristique senectus et'),(44,43,'514','pede. Nunc sed orci'),(45,44,'689','commodo tincidunt nibh. Phasellus nulla. Integer vulputate, risus a'),(46,45,'764','elit pede,'),(47,46,'479','arcu. Vestibulum'),(48,47,'292','eu nibh vulputate mauris sagittis placerat.'),(49,48,'682','urna suscipit nonummy. Fusce fermentum fermentum arcu. Vestibulum'),(50,49,'598','vitae, posuere at, velit. Cras lorem lorem, luctus ut, pellentesque'),(51,50,'604','Curae; Donec tincidunt. Donec vitae erat vel'),(52,51,'117','pharetra. Quisque ac libero nec ligula consectetuer rhoncus. Nullam velit'),(53,52,'499','convallis in, cursus et, eros. Proin ultrices. Duis volutpat'),(54,53,'178','amet lorem semper auctor. Mauris vel turpis.'),(55,54,'681','blandit enim consequat'),(56,55,'276','ligula consectetuer rhoncus. Nullam velit dui, semper et, lacinia vitae,'),(57,56,'554','cursus'),(58,57,'304','a, aliquet vel,'),(59,58,'468','mauris a nunc. In at pede.'),(60,59,'314','orci lobortis augue scelerisque'),(61,60,'596','neque. Morbi quis urna. Nunc quis'),(62,61,'695','felis purus ac tellus. Suspendisse'),(63,62,'660','ac mattis semper, dui lectus rutrum'),(64,63,'703','molestie'),(65,64,'871','ligula tortor, dictum'),(66,65,'343','ante blandit viverra. Donec tempus, lorem fringilla ornare'),(67,66,'621','Sed et libero. Proin mi. Aliquam gravida mauris ut'),(68,67,'599','risus, at fringilla purus mauris a nunc. In at'),(69,68,'326','tempor bibendum. Donec'),(70,69,'686','non enim. Mauris quis turpis vitae purus gravida sagittis.'),(71,70,'917','libero lacus, varius et, euismod et,'),(72,71,'947','ligula eu enim. Etiam imperdiet dictum magna. Ut'),(73,72,'406','augue porttitor interdum. Sed auctor odio a purus. Duis'),(74,73,'103','ut, nulla. Cras eu tellus eu augue porttitor'),(75,74,'716','elit, a feugiat tellus lorem eu metus. In'),(76,75,'761','et, eros. Proin ultrices. Duis volutpat nunc sit'),(77,76,'689','lacinia orci, consectetuer euismod est arcu'),(78,77,'724','Integer aliquam'),(79,78,'184','libero. Donec consectetuer mauris id sapien. Cras'),(80,79,'165','sed'),(81,80,'325','at sem molestie sodales. Mauris blandit enim'),(82,81,'594','magna et ipsum cursus vestibulum. Mauris magna. Duis dignissim'),(83,82,'355','libero. Proin sed'),(84,83,'622','facilisis vitae, orci. Phasellus dapibus quam quis diam.'),(85,84,'364','lacus. Etiam bibendum fermentum metus. Aenean sed'),(86,85,'612','urna convallis erat, eget tincidunt dui'),(87,86,'358','nec orci.'),(88,87,'647','in lobortis tellus'),(89,88,'238','mus. Proin vel'),(90,89,'898','molestie tellus. Aenean egestas hendrerit neque.'),(91,90,'640','convallis convallis dolor.'),(92,91,'167','adipiscing elit.'),(93,92,'611','commodo at,'),(94,93,'119','Suspendisse eleifend. Cras sed leo. Cras vehicula aliquet libero. Integer'),(95,94,'950','faucibus id,'),(96,95,'529','nec urna et arcu imperdiet'),(97,96,'986','congue. In scelerisque scelerisque dui. Suspendisse'),(98,97,'552','magna a neque.'),(99,98,'229','Sed molestie. Sed id'),(100,99,'311','amet massa. Quisque'),(101,100,'161','quis turpis vitae');
/*!40000 ALTER TABLE `unit` ENABLE KEYS */;
UNLOCK TABLES;

--
-- Table structure for table `work_order`
--

DROP TABLE IF EXISTS `work_order`;
/*!40101 SET @saved_cs_client     = @@character_set_client */;
/*!40101 SET character_set_client = utf8 */;
CREATE TABLE `work_order` (
  `workorder_id` int(10) unsigned NOT NULL AUTO_INCREMENT,
  `building_id` int(10) unsigned DEFAULT NULL,
  `unit_id` int(10) unsigned DEFAULT NULL,
  `complaint_id` int(10) unsigned DEFAULT NULL,
  `completed` enum('Pending','Complete') NOT NULL DEFAULT 'Pending',
  `work_details` varchar(10000) NOT NULL,
  PRIMARY KEY (`workorder_id`)
) ENGINE=InnoDB AUTO_INCREMENT=101 DEFAULT CHARSET=latin1 MAX_ROWS=4294967200 PACK_KEYS=1 CHECKSUM=1;
/*!40101 SET character_set_client = @saved_cs_client */;

--
-- Dumping data for table `work_order`
--

LOCK TABLES `work_order` WRITE;
/*!40000 ALTER TABLE `work_order` DISABLE KEYS */;
INSERT INTO `work_order` VALUES (0,0,0,0,'Complete','Finish Website'),(1,1,1,1,'Pending','et netus et malesuada fames'),(2,2,2,2,'Complete','ridiculus mus. Proin vel arcu eu odio tristique pharetra.'),(3,3,3,3,'Pending','nonummy ultricies ornare, elit elit fermentum'),(4,4,4,4,'Pending','lorem ac risus.'),(5,5,5,5,'Complete','orci. Phasellus dapibus quam quis diam. Pellentesque habitant morbi tristique'),(6,6,6,6,'Complete','et magnis dis parturient montes,'),(7,7,7,7,'Complete','dui. Suspendisse ac metus vitae'),(8,8,8,8,'Pending','Aliquam rutrum lorem'),(9,9,9,9,'Complete','vulputate, risus a ultricies adipiscing, enim mi tempor lorem, eget'),(10,10,10,10,'Pending','et,'),(11,11,11,11,'Pending','nibh. Aliquam ornare, libero at auctor ullamcorper, nisl arcu'),(12,12,12,12,'Complete','Nunc ut erat. Sed nunc'),(13,13,13,13,'Pending','non, egestas a, dui. Cras pellentesque.'),(14,14,14,14,'Pending','Morbi vehicula. Pellentesque tincidunt tempus'),(15,15,15,15,'Pending','Pellentesque habitant morbi tristique senectus et netus'),(16,16,16,16,'Pending','mattis semper,'),(17,17,17,17,'Complete','et risus. Quisque'),(18,18,18,18,'Pending','cursus luctus,'),(19,19,19,19,'Complete','eu enim. Etiam imperdiet dictum'),(20,20,20,20,'Complete','malesuada. Integer'),(21,21,21,21,'Pending','sed, facilisis'),(22,22,22,22,'Complete','libero. Donec'),(23,23,23,23,'Pending','mi lorem, vehicula et, rutrum'),(24,24,24,24,'Pending','sapien. Aenean'),(25,25,25,25,'Pending','nonummy ultricies ornare,'),(26,26,26,26,'Complete','massa rutrum magna. Cras convallis'),(27,27,27,27,'Pending','ultrices iaculis odio. Nam interdum enim'),(28,28,28,28,'Complete','commodo'),(29,29,29,29,'Complete','sed libero. Proin sed turpis nec'),(30,30,30,30,'Pending','nisl.'),(31,31,31,31,'Complete','Phasellus elit pede, malesuada vel, venenatis'),(32,32,32,32,'Pending','posuere vulputate,'),(33,33,33,33,'Complete','Nam ac nulla. In tincidunt congue turpis. In condimentum.'),(34,34,34,34,'Pending','molestie pharetra'),(35,35,35,35,'Complete','dictum augue malesuada malesuada. Integer id magna'),(36,36,36,36,'Complete','parturient montes, nascetur ridiculus mus. Aenean eget magna. Suspendisse tristique'),(37,37,37,37,'Pending','semper erat, in consectetuer'),(38,38,38,38,'Pending','amet ultricies sem'),(39,39,39,39,'Complete','feugiat. Lorem ipsum dolor sit amet, consectetuer adipiscing elit.'),(40,40,40,40,'Complete','ac'),(41,41,41,41,'Complete','diam. Duis mi enim, condimentum eget, volutpat ornare, facilisis eget,'),(42,42,42,42,'Complete','magnis dis parturient montes, nascetur ridiculus mus. Proin vel arcu'),(43,43,43,43,'Pending','sit amet lorem semper auctor. Mauris vel turpis.'),(44,44,44,44,'Pending','Nullam ut nisi a'),(45,45,45,45,'Complete','ligula. Aliquam erat'),(46,46,46,46,'Complete','hymenaeos. Mauris ut quam vel'),(47,47,47,47,'Complete','Integer mollis. Integer tincidunt aliquam arcu. Aliquam ultrices iaculis'),(48,48,48,48,'Complete','eget ipsum. Suspendisse sagittis. Nullam vitae'),(49,49,49,49,'Pending','ipsum. Suspendisse non'),(50,50,50,50,'Pending','Integer id'),(51,51,51,51,'Pending','molestie sodales. Mauris'),(52,52,52,52,'Pending','cursus non, egestas a, dui. Cras'),(53,53,53,53,'Complete','pretium et, rutrum non, hendrerit id, ante. Nunc mauris'),(54,54,54,54,'Complete','morbi tristique senectus et netus et malesuada fames'),(55,55,55,55,'Pending','sit'),(56,56,56,56,'Pending','lobortis tellus justo sit amet nulla. Donec non justo.'),(57,57,57,57,'Pending','molestie pharetra nibh. Aliquam ornare, libero at auctor'),(58,58,58,58,'Pending','nisl elementum purus, accumsan interdum libero dui'),(59,59,59,59,'Complete','quis turpis vitae purus'),(60,60,60,60,'Pending','lacus. Etiam bibendum fermentum metus. Aenean sed pede nec'),(61,61,61,61,'Complete','ac tellus. Suspendisse sed dolor.'),(62,62,62,62,'Complete','est. Nunc laoreet lectus quis massa.'),(63,63,63,63,'Pending','habitant morbi tristique senectus et'),(64,64,64,64,'Pending','consequat auctor, nunc'),(65,65,65,65,'Pending','at,'),(66,66,66,66,'Complete','semper cursus. Integer mollis. Integer tincidunt aliquam arcu. Aliquam'),(67,67,67,67,'Complete','dictum eu, placerat eget, venenatis'),(68,68,68,68,'Pending','urna convallis erat, eget tincidunt dui augue eu tellus.'),(69,69,69,69,'Pending','justo faucibus lectus,'),(70,70,70,70,'Complete','placerat velit. Quisque varius. Nam'),(71,71,71,71,'Pending','nibh. Donec'),(72,72,72,72,'Pending','eleifend egestas. Sed pharetra, felis eget'),(73,73,73,73,'Pending','cursus et, eros. Proin ultrices. Duis volutpat nunc sit amet'),(74,74,74,74,'Pending','Sed malesuada augue ut lacus. Nulla'),(75,75,75,75,'Pending','semper et, lacinia'),(76,76,76,76,'Pending','ut ipsum ac mi eleifend egestas. Sed pharetra, felis'),(77,77,77,77,'Pending','odio. Phasellus at'),(78,78,78,78,'Pending','sit amet nulla. Donec non'),(79,79,79,79,'Complete','Integer id magna et'),(80,80,80,80,'Pending','In at pede. Cras vulputate'),(81,81,81,81,'Pending','nunc sit amet metus. Aliquam erat volutpat.'),(82,82,82,82,'Pending','at risus. Nunc'),(83,83,83,83,'Pending','Mauris nulla. Integer urna. Vivamus molestie dapibus ligula. Aliquam erat'),(84,84,84,84,'Pending','tincidunt orci'),(85,85,85,85,'Complete','dolor. Fusce mi lorem, vehicula et,'),(86,86,86,86,'Complete','posuere cubilia Curae; Phasellus ornare. Fusce'),(87,87,87,87,'Pending','enim diam vel arcu. Curabitur ut'),(88,88,88,88,'Pending','vulputate'),(89,89,89,89,'Pending','Mauris eu turpis. Nulla aliquet. Proin'),(90,90,90,90,'Pending','Donec'),(91,91,91,91,'Pending','tellus. Aenean egestas hendrerit'),(92,92,92,92,'Complete','vitae sodales nisi magna sed dui. Fusce'),(93,93,93,93,'Complete','nisl. Quisque fringilla euismod'),(94,94,94,94,'Complete','fringilla, porttitor vulputate, posuere vulputate, lacus. Cras interdum. Nunc'),(95,95,95,95,'Pending','vitae semper egestas, urna justo faucibus lectus,'),(96,96,96,96,'Complete','arcu. Curabitur ut'),(97,97,97,97,'Pending','adipiscing elit. Etiam laoreet, libero et tristique pellentesque,'),(98,98,98,98,'Complete','lorem fringilla ornare placerat, orci'),(99,99,99,99,'Pending','pellentesque a, facilisis non,'),(100,100,100,100,'Complete','egestas lacinia. Sed congue,');
/*!40000 ALTER TABLE `work_order` ENABLE KEYS */;
UNLOCK TABLES;

--
-- Dumping events for database 'property_managment'
--

--
-- Dumping routines for database 'property_managment'
--
/*!40103 SET TIME_ZONE=@OLD_TIME_ZONE */;

/*!40101 SET SQL_MODE=@OLD_SQL_MODE */;
/*!40014 SET FOREIGN_KEY_CHECKS=@OLD_FOREIGN_KEY_CHECKS */;
/*!40014 SET UNIQUE_CHECKS=@OLD_UNIQUE_CHECKS */;
/*!40101 SET CHARACTER_SET_CLIENT=@OLD_CHARACTER_SET_CLIENT */;
/*!40101 SET CHARACTER_SET_RESULTS=@OLD_CHARACTER_SET_RESULTS */;
/*!40101 SET COLLATION_CONNECTION=@OLD_COLLATION_CONNECTION */;
/*!40111 SET SQL_NOTES=@OLD_SQL_NOTES */;

-- Dump completed on 2015-03-27  2:26:26
